row_nr,Protein Name,EC#,Organism,GenBank,Uniprot,PDB/3D,
1,AM10699_20050,,Acaryochloris marina MBIC10699,BDM79137.1,,,
2,AM1_5358,,Acaryochloris marina MBIC11017,ABW30314.1,,,
3,I1H34_10145,,Acaryochloris marina S15,QUY45156.1,,,
4,HRE53_22875,,Acaryochloris sp. Moss Beach,UJB72164.1,,,
5,BW247_13515,,Acidihalobacter ferrooxydans V8,APZ43983.1,,,
6,BI364_12810,,Acidihalobacter prosperus F5,AOU98726.1,,,
7,BJI67_11620,,Acidihalobacter prosperus V6,AOV18598.1,,,
8,GCD22_01374 (InvB) (fragment),,Acidithiobacillus thiooxidans ATCC 19377,QFX95745.1,,,
9,Mic7113_1705,,Allocoleopsis franciscana PCC 7113,AFZ17568.1,,,
10,Mic7113_2196,,Allocoleopsis franciscana PCC 7113,AFZ18010.1,,,
11,Anacy_4286,,Anabaena cylindrica PCC 7122,AFZ59650.1,,,
12,Anacy_4285,,Anabaena cylindrica PCC 7122,AFZ59649.1,,,
13,NIES19_25570,,Anabaena cylindrica PCC 7122 NIES-19,BAY03304.1,,,
14,NIES19_25580,,Anabaena cylindrica PCC 7122 NIES-19,BAY03305.1,,,
15,ANA_C12319,,Anabaena sp. 90,AFW95054.1,,,
16,AA650_03770,,Anabaena sp. wa102,ALB39698.1,,,
17,EH233_22395,,Anabaena sp. YBS01,QFZ14544.1,,,
18,NIES21_04830,,Anabaenopsis circularis NIES-21,BAY14725.1,,,
19,NIES21_04840,,Anabaenopsis circularis NIES-21,BAY14726.1,,,
20,IM676_06995,,Anabaenopsis elenkinii CCIBt3563,QOV24010.1,,,
21,IM676_06990,,Anabaenopsis elenkinii CCIBt3563,QOV24009.1,,,
22,HEQ12_16135,,Aphanizomenon flos-aquae DEX188,QSV68290.1,,,
23,HEQ20_02825,,Aphanizomenon flos-aquae KM1D3_PB,QSV69876.1,,,
24,NIES50_15230,,Aulosira laxa NIES-50,BAZ72965.1,,,
25,NIES50_15220,,Aulosira laxa NIES-50,BAZ72964.1,,,
26,DP113_30190,,Brasilonema octagenarum UFV-E1,QDL17953.1,,,
27,DP113_01515 (fragment),,Brasilonema octagenarum UFV-E1,QDL13133.1,,,
28,DP114_30035,,Brasilonema sennae CENA114,QDL11575.1,,,
29,DP114_01525 (fragment),,Brasilonema sennae CENA114,QDL06764.1,,,
30,NIES22_23510,,Calothrix brevissima NIES-22,BAY62279.1,,,
31,NIES267_43140,,Calothrix parasitica NIES-267,BAY84817.1,,,
32,NIES267_41980,,Calothrix parasitica NIES-267,BAY84702.1,,,
33,NIES267_23810,,Calothrix parasitica NIES-267,BAY82896.1,,,
34,IJ00_05055,,Calothrix sp. 336/3,AKG20764.1,,,
35,NIES2098_25540,,Calothrix sp. NIES-2098,BAY09392.1,,,
36,NIES2098_27970,,Calothrix sp. NIES-2098,BAY09634.1,,,
37,NIES2098_27960,,Calothrix sp. NIES-2098,BAY09633.1,,,
38,NIES2100_45350,,Calothrix sp. NIES-2100,BAY24738.1,,,
39,NIES2100_45340,,Calothrix sp. NIES-2100,BAY24737.1,,,
40,NIES3974_42050,,Calothrix sp. NIES-3974,BAZ07541.1,,,
41,NIES3974_41100,,Calothrix sp. NIES-3974,BAZ07447.1,,,
42,NIES4071_34900,,Calothrix sp. NIES-4071,BAZ11664.1,,,
43,NIES4071_90780,,Calothrix sp. NIES-4071,BAZ17200.1,,,
44,NIES4071_69720,,Calothrix sp. NIES-4071,BAZ15102.1,,,
45,NIES4071_08770,,Calothrix sp. NIES-4071,BAZ09071.1,,,
46,NIES4101_50350,,Calothrix sp. NIES-4101,BAZ39083.1,,,
47,NIES4101_37130,,Calothrix sp. NIES-4101,BAZ37790.1,,,
48,NIES4105_69670,,Calothrix sp. NIES-4105,BAZ61249.1,,,
49,NIES4105_34830,,Calothrix sp. NIES-4105,BAZ57809.1,,,
50,NIES4105_08730,,Calothrix sp. NIES-4105,BAZ55219.1,,,
51,NIES4105_90710,,Calothrix sp. NIES-4105,BAZ63345.1,,,
52,Cal6303_1384,,Calothrix sp. PCC 6303,AFZ00437.1,,,
53,Cal7507_6025,,Calothrix sp. PCC 7507,AFY36332.1,,,
54,CAL7716_022150,,Calothrix sp. PCC 7716,BDA68049.1,,,
55,CAL7716_097270,,Calothrix sp. PCC 7716,BDA75561.1,,,
56,CAL7716_097530,,Calothrix sp. PCC 7716,BDA75587.1,,,
57,NIES4102_21190,,Chondrocystis sp. NIES-4102,BAZ45102.1,,,
58,M5J74_20120 (fragment),,Chroococcidiopsis sp. CCNUC1,URD48630.1,,,
59,M5J74_22220 (fragment),,Chroococcidiopsis sp. CCNUC1,URD49032.1,,,
60,M5J74_05250,,Chroococcidiopsis sp. CCNUC1,URD51392.1,,,
61,Chro_4248,,Chroococcidiopsis thermalis PCC 7203,AFY89648.1,,,
62,Chro_0977,,Chroococcidiopsis thermalis PCC 7203,AFY86511.1,,,
63,Cri9333_4050 (fragment),,Crinalium epipsammum PCC 9333,AFZ14855.1,,,
64,CBM981_1763,,Cyanobium sp. NIES-981,SBO43462.1,,,
65,CyaNS01_02461,,Cyanobium sp. NS01,QNI71570.1,,,
66,IAR63_09120,,Cylindrospermopsis curvispora GIHE-G1,QNP28117.1,,,
67,C6N34_011635,,Cylindrospermopsis raciborskii Cr2010,UJL32817.1,,,
68,L3I90_03210,,Cylindrospermopsis raciborskii KLL07,UJS05276.1,,,
69,NIES4074_51830,,Cylindrospermum sp. NIES-4074,BAZ32677.1,,,
70,Cylst_2684,,Cylindrospermum stagnale PCC 7417,AFZ24883.1,,,
71,NIES806_36730,,Dolichospermum compactum NIES-806,BAZ87450.1,,,
72,HGD76_16290,,Dolichospermum flos-aquae CCAP 1403/13F,QJB45498.1,,,
73,NG743_09875,,Dolichospermum heterosporum TAC447 NIES-1697,UUO17261.1,,,
74,HEQ26_01255,,Dolichospermum sp. DL01,QSV61585.1,,,
75,HEQ29_09955,,Dolichospermum sp. LBC05a,QSV58635.1,,,
76,BMF77_00371,,Dolichospermum sp. UHCC 0315A,QEI39818.1,,,
77,HEP80_16160,,Dolichospermum sp. UKL201,QSV55184.1,,,
78,ECTOBSL9_1500,,Ectothiorhodospira sp. BSL-9,ANB02175.1,,,
79,FIS3754_48520,,Fischerella sp. NIES-3754,BAU08893.1,,,
80,NIES4106_38130,,Fischerella sp. NIES-4106,BAZ69044.1,,,
81,GEI7407_3667,,Geitlerinema sp. PCC 7407,AFY68134.1,,,
82,M1B72_12165,,Geomonas paludis RG22,UPU34205.1,,,
83,GURASL_27080 (fragment),,Geotalea uraniireducens NIT-SL11,BDV43785.1,,,
84,GKIL_3032,,Gloeobacter kilaueensis JS1,AGY59278.1,,,
85,Glo7428_3473,,Gloeocapsa sp. PCC 7428,AFZ31946.1,,,
86,P0S91_01105,,Gloeocapsopsis dulcis AAB1,WNN89726.1,,,
87,PCC7424_2774,,Gloeothece citriformis PCC 7424,ACK71184.1,,,
88,Cyan7822_5415,,Gloeothece verrucosa PCC 7822,ADN17291.1,,,
89,GM160_01000,,Guyparkeria halophila sp2,QGT77572.1,,,
90,M911_07510,,Halorhodospira halochloris str. A,AHK79028.1,,,
91,Hneap_0226,,Halothiobacillus neapolitanus c2,ACX95089.1,,,
92,A9404_10350,,Halothiobacillus sp. LS2,ANJ67722.1,,,
93,QI031_04760,,Halotia branconii CENA392,WGV26821.1,,,
94,QI031_14695,,Halotia branconii CENA392,WGV28628.1,,,
95,QI031_04755,,Halotia branconii CENA392,WGV26820.1,,,
96,K9N68_07960,,Kovacikia minuta CCNU0001,UBF27829.1,,,
97,K9N68_10585,,Kovacikia minuta CCNU0001,UBF28280.1,,,
98,K9N68_21155,,Kovacikia minuta CCNU0001,UBF24214.1,,,
99,KIK02_15360,,Leptodesmis sichuanensis A121,UIE36429.1,,,
100,KIK02_10630,,Leptodesmis sichuanensis A121,UIE39958.1,,,
101,Q2T42_09105,,Leptolyngbya boryana CZ1,WNZ47989.1,,,
102,Q2T42_20475,,Leptolyngbya boryana CZ1,WNZ44206.1,,,
103,LBDG_11280,,Leptolyngbya boryana dg5,BAS61570.1,,,
104,LBDG_28200,,Leptolyngbya boryana dg5,BAS63241.1,,,
105,LBWT_28200,,Leptolyngbya boryana IAM M-101,BAS56893.1,,,
106,LBWT_11280,,Leptolyngbya boryana IAM M-101,BAS55222.1,,,
107,MCP04_27325,,Leptolyngbya boryana IU 594,ULP29697.1,,,
108,MCP04_18850,,Leptolyngbya boryana IU 594,ULP28060.1,,,
109,NIES2135_55100,,Leptolyngbya boryana NIES-2135,BAY58637.1,,,
110,NIES2135_37850,,Leptolyngbya boryana NIES-2135,BAY56923.1,,,
111,LEP3755_03690,,Leptolyngbya sp. NIES-3755,BAU09893.1,,,
112,O77CONTIG1_00781,,Leptolyngbya sp. O-77,BAU40974.1,,,
113,J5X98_16925 (fragment),,Leptothermofonsia sichuanensis E412,QZZ23621.1,,,
114,J5X98_18490,,Leptothermofonsia sichuanensis E412,QZZ19360.1,,,
115,J5X98_18680 (fragment),,Leptothermofonsia sichuanensis E412,QZZ19391.1,,,
116,NIES3275_51490,,Microchaete diplosiphon NIES-3275,BAY93112.1,,,
117,NIES3275_51500,,Microchaete diplosiphon NIES-3275,BAY93113.1,,,
118,BJP36_18525,,Moorena producens JHB,AOY84750.1AOY84750.2,,,
119,BJP34_18300,,Moorena producens PAL-8-15-08-1,AOX04387.1,,,
120,NSPWAT_0296,,Nitrospina watsonii 347,CAI2717155.1,,,
121,BDGGKGIB_02548,,Nodularia sphaerocarpa UHCC 0038,ULP72896.1,,,
122,BDGGKGIB_04298,,Nodularia sphaerocarpa UHCC 0038,ULP74629.1,,,
123,BDGGKGIB_02547,,Nodularia sphaerocarpa UHCC 0038,ULP72895.1,,,
124,NSP_44640,,Nodularia spumigena CCY9414,AHJ30761.1,,,
125,NSP_44650,,Nodularia spumigena CCY9414,AHJ30762.1,,,
126,BMF81_01650,,Nodularia spumigena UHCC 0039,AVZ30282.1,,,
127,BMF81_01649,,Nodularia spumigena UHCC 0039,AVZ30281.1,,,
128,Aazo_4707,,Nostoc azollae 0708,ADI65910.1,,,
129,NIES2107_00760,,Nostoc carneum NIES-2107,BAY28252.1,,,
130,NIES2107_57270,,Nostoc carneum NIES-2107,BAY33825.1,,,
131,NIES2107_57260,,Nostoc carneum NIES-2107,BAY33824.1,,,
132,ANSO36C_57110,,Nostoc cf. commune SO-36,BDI19909.1,,,
133,ANSO36C_55340,,Nostoc cf. commune SO-36,BDI19732.1,,,
134,NIES4070_62340,,Nostoc commune HK-02 NIES-4070,BBD69824.1,,,
135,NIES4070_45310,,Nostoc commune HK-02 NIES-4070,BBD68136.1,,,
136,HUN01_08540,,Nostoc edaphicum CCNP1411,QMS87623.1,,,
137,HUN01_33800,,Nostoc edaphicum CCNP1411,QMS92322.1,,,
138,HUN01_25535,,Nostoc edaphicum CCNP1411,QMS90778.1,,,
139,COO91_08897,,Nostoc flagelliforme CCNUN1,AUB42751.1,,,
140,COO91_05919,,Nostoc flagelliforme CCNUN1,AUB39922.1,,,
141,NIES25_58630,,Nostoc linckia NIES-25,BAY79378.1,,,
142,NIES25_17900,,Nostoc linckia NIES-25,BAY75347.1,,,
143,ACX27_23440,,Nostoc piscinale CENA21,ALF55107.1,,,
144,ACX27_23435,,Nostoc piscinale CENA21,ALF55106.1,,,
145,Npun_F1611 (InvA),,Nostoc punctiforme PCC 73102,CAD37134.1ACC80295.1,,,
146,Npun_F4643 (InvB),,Nostoc punctiforme PCC 73102,CAD37133.1ACC83000.1CAW96437.1CBD22044.1,,,
147,GJB62_05135,,Nostoc sp. ATCC 53789,QHG19866.1,,,
148,GJB62_15420,,Nostoc sp. ATCC 53789,QHG20001.1,,,
149,FD723_24820,,Nostoc sp. C052,QLE43355.1,,,
150,FD724_19085,,Nostoc sp. C057,QLE52388.1,,,
151,FD724_30155,,Nostoc sp. C057,QLE52546.1,,,
152,CLI64_15560,,Nostoc sp. CENA543,AUT01686.1,,,
153,CLI64_08250,,Nostoc sp. CENA543,AUT00379.1,,,
154,NIES2109_39360,,Nostoc sp. HK-01 NIES-2109,BBD61134.1,,,
155,NIES2109_39370,,Nostoc sp. HK-01 NIES-2109,BBD61135.1,,,
156,NLP_5561,,Nostoc sp. Lobaria pulmonaria (5183) cyanobiont,AVH73858.1,,,
157,NLP_5400,,Nostoc sp. Lobaria pulmonaria (5183) cyanobiont,AVH73715.1,,,
158,NSMS1_03790,,Nostoc sp. MS1,BCL33932.1,,,
159,NSMS1_52570,,Nostoc sp. MS1,BCL38810.1,,,
160,NIES2111_39250,,Nostoc sp. NIES-2111,BAY39549.1,,,
161,NIES2111_33820,,Nostoc sp. NIES-2111,BAY39032.1,,,
162,NOS3756_21970,,Nostoc sp. NIES-3756,BAT53238.1,,,
163,NOS3756_17070,,Nostoc sp. NIES-3756,BAT52766.1,,,
164,NIES4103_62540,,Nostoc sp. NIES-4103,BAZ53574.1,,,
165,Nos7107_3082,,Nostoc sp. PCC 7107,AFY43673.1,,,
166,alkaline invertase (InvA; Alr1521),3.2.1.26,Nostoc sp. PCC 7120 = FACHB-418,CAD37132.1BAB77887.1NP_485561.1,Q8YWS9,"5GOO[A,B,C]5GOP[A,B,C]5GOQ[A,B,C]5GOR[A,B,C,D,E,F]",
167,neutral invertase (InvB; Alr0819),3.2.1.26,Nostoc sp. PCC 7120 = FACHB-418,CAC85155.1BAB72776.1NP_484862.1,Q8YYM9,"5Z73[A,B]5Z74[A,B]",
168,Nos7524_4910,,Nostoc sp. PCC 7524,AFY50636.1,,,
169,Nos7524_4752,,Nostoc sp. PCC 7524,AFY50494.1,,,
170,NPM_2813,,Nostoc sp. Peltigera membranacea cyanobiont N6,AVH64458.1,,,
171,NPM_5222,,Nostoc sp. Peltigera membranacea cyanobiont N6,AVH66676.1,,,
172,FBB35_33045,,Nostoc sp. TCL240-02,QKQ78037.1,,,
173,FBB35_21515,,Nostoc sp. TCL240-02,QKQ77896.1,,,
174,FD725_16040,,Nostoc sp. TCL26-01,QLE56892.1,,,
175,JYQ62_28970,,Nostoc sp. UHCC 0702,QSJ15797.1,,,
176,L6494_15700,,Nostoc sp. UHCC 0870,UKO96100.1,,,
177,L6494_06100,,Nostoc sp. UHCC 0870,UKO99285.1,,,
178,PQG02_20005,,Nostoc sp. UHCC 0926,WDD35773.1,,,
179,GXM_06276,,Nostoc sphaeroides CCNUC1,QFS48782.1,,,
180,GXM_03616,,Nostoc sphaeroides CCNUC1,QFS46136.1,,,
181,BZZ01_14730,,Nostocales cyanobacterium HT-58-2,ARV59720.1,,,
182,Oscil6304_2114,,Oscillatoria acuminata PCC 6304,AFY81778.1,,,
183,Oscil6304_3615,,Oscillatoria acuminata PCC 6304,AFY83178.1,,,
184,HCG48_24465,,Oxynema aestuarii AP17,QIZ73365.1,,,
185,HCG48_14385,,Oxynema aestuarii AP17,QIZ71626.1,,,
186,SYNW1965 (InvA),,Parasynechococcus marenigrum WH 8102,CAD37137.1CAE08480.1NP_898056.1,,,
187,NO713_03373 (InvE),,Planktothrix pseudagardhii No.713,CAD5963843.1,,,
188,PCC9214_02312 (InvE),,Planktothrix tepida PCC9214,CAD5947086.1,,,
189,Ple7327_1806,,Pleurocapsa sp. PCC 7327,AFY77157.1,,,
190,Ple7327_2101,,Pleurocapsa sp. PCC 7327,AFY77428.1,,,
191,A9601_03511,,Prochlorococcus marinus str. AS9601,ABM69639.1,,,
192,P9211_03631,,Prochlorococcus marinus str. MIT 9211 MIT9211,ABX08294.1,,,
193,P9215_03521,,Prochlorococcus marinus str. MIT 9215,ABV49969.1,,,
194,P9301_03531,,Prochlorococcus marinus str. MIT 9301,ABO16976.1,,,
195,P9303_21831,,Prochlorococcus marinus str. MIT 9303,ABM78918.1,,,
196,PMT9312_0333,,Prochlorococcus marinus str. MIT 9312,ABB49394.1,,,
197,PMT1647 (InvA),,Prochlorococcus marinus str. MIT 9313,CAE21822.1CAD37136.1NP_895474.1,,,
198,P9515_03591,,Prochlorococcus marinus str. MIT 9515,ABM71568.1,,,
199,NATL1_04191,,Prochlorococcus marinus str. NATL1A,ABM74983.1,,,
200,PMN2A_1704,,Prochlorococcus marinus str. NATL2A,AAZ59192.1,,,
201,Pro0369,,Prochlorococcus marinus subsp. marinus str. CCMP1375,AAP99415.1NP_874763.1,,,
202,PMM0327 (InvA),,Prochlorococcus marinus subsp. pastoris str. CCMP1986 MED4,NP_892446.1CAD37135.1CAE18786.1,,,
203,EW14_0373,,Prochlorococcus sp. MIT 0604,AIQ94397.1,,,
204,EW15_0434,,Prochlorococcus sp. MIT 0801,AIQ96526.1,,,
205,BS620_05895,,Prochlorococcus sp. RS01,AQL32530.1,,,
206,BS621_03015,,Prochlorococcus sp. RS04,AQL33793.1,,,
207,BSR22_04770,,Prochlorococcus sp. RS50,AQL30528.1,,,
208,ABRG53_c101 (fragment),,Pseudanabaena sp. ABRG5-3,BBC26940.1,,,
209,B6N60_02667,,Richelia sinica FACHB-800 FACHB 800,QXE23965.1,,,
210,Riv7116_3541,,Rivularia sp. PCC 7116,AFY55993.1,,,
211,SAMD00079811_13430,,Scytonema sp. HK-05 NIES-2130,BAY43761.1,,,
212,SAMD00079811_73700,,Scytonema sp. HK-05 NIES-2130,BAY49741.1,,,
213,NIES4073_83360,,Scytonema sp. NIES-4073,BAZ27417.1,,,
214,NIES4073_15060 (fragment),,Scytonema sp. NIES-4073,BAZ20629.1,,,
215,NIES4073_24150,,Scytonema sp. NIES-4073,BAZ21537.1,,,
216,NIES73_05240,,Sphaerospermopsis kisseleviana NIES-73,BAZ79282.1,,,
217,K2F26_05135,,Sphaerospermopsis torques-reginae ITEP-024,QYX32750.1,,,
218,Sta7437_0673,,Stanieria cyanosphaera PCC 7437,AFZ34268.1,,,
219,Sta7437_4400,,Stanieria cyanosphaera PCC 7437,AFZ37869.1,,,
220,STA3757_02430,,Stanieria sp. NIES-3757,BAU62892.1,,,
221,DOP62_01480,,Synechococcus elongatus PCC 11801,AZB71572.1,,,
222,EKO22_00285,,Synechococcus elongatus PCC 11802,QFZ91021.1,,,
223,syc1118_c (Lim17),,Synechococcus elongatus PCC 6301,BAD79308.1,,,
224,PCC6301pg_0410 (Lim17),,Synechococcus elongatus PCC 6301,UOW75626.1,,,
225,PCC6311_0410 (Lim17),,Synechococcus elongatus PCC 6311,UOW72905.1,,,
226,Synpcc7942_0397,,Synechococcus elongatus PCC 7942 = FACHB-805,ABB56429.1,,,
227,QY054_02050,,Synechococcus elongatus PCC 7942 = FACHB-805 UTEX 2434,WKW05981.1,,,
228,PCC7943_0410 (Lim17),,Synechococcus elongatus PCC 7943,UOW70184.1,,,
229,M744_00995,,Synechococcus elongatus UTEX 2973,AJD56525.1,,,
230,MY494_05930,,Synechococcus sp. A10-1-5-1,UPM51287.1,,,
231,SynA15127_00544,,Synechococcus sp. A15-127,QNI93648.1,,,
232,SynA1524_02162,,Synechococcus sp. A15-24,QNJ29841.1,,,
233,SynA1528_02185,,Synechococcus sp. A15-28,QNI43196.1,,,
234,SynA1544_00488,,Synechococcus sp. A15-44,QNI63443.1,,,
235,SynA1560_00584,,Synechococcus sp. A15-60,QNI47264.1,,,
236,SynA1562_00525,,Synechococcus sp. A15-62,QNI99379.1,,,
237,SynA1825c_00557,,Synechococcus sp. A18-25c,QNJ18884.1,,,
238,SynA1840_02214,,Synechococcus sp. A18-40,QNJ17740.1,,,
239,SynA18461_02295,,Synechococcus sp. A18-46.1,QNJ14918.1,,,
240,SynBIOSE41_00662,,Synechococcus sp. BIOS-E4-1,QNI53210.1,,,
241,SynBIOSU31_00632,,Synechococcus sp. BIOS-U3-1,QNI57532.1,,,
242,SynBMKMC1_00658,,Synechococcus sp. BMK-MC-1,QNI66755.1,,,
243,SynBOUM118_02156,,Synechococcus sp. BOUM118,QNI92496.1,,,
244,H8F24_08830,,Synechococcus sp. CBW1002,QPN61315.1,,,
245,H8F26_09035,,Synechococcus sp. CBW1006,QPN68188.1,,,
246,I1E95_11150,,Synechococcus sp. CBW1107,QPN55733.1,,,
247,sync_0551,,Synechococcus sp. CC9311,ABI47501.1,,,
248,Syncc9605_0487,,Synechococcus sp. CC9605,ABB34261.1,,,
249,Syncc9902_1847,,Synechococcus sp. CC9902,ABB26804.1,,,
250,N4320_14920,,Synechococcus sp. CCFWC 502,WFN59029.1,,,
251,H0O21_00385,,Synechococcus sp. HK01-R,QNG27165.1,,,
252,KR100_03925,,Synechococcus sp. KORDI-100,AII42517.1,,,
253,KR49_11485,,Synechococcus sp. KORDI-49,AII47024.1,,,
254,KR52_00005,,Synechococcus sp. KORDI-52,AII47582.1,,,
255,KJJ24_13610,,Synechococcus sp. LA31,QVV67435.1,,,
256,H0O22_07835,,Synechococcus sp. LTW-R,QNG28671.1,,,
257,SynM161_00489,,Synechococcus sp. M16.1,QNJ10635.1,,,
258,SynMEDNS5_00558,,Synechococcus sp. MEDNS5,QNJ05300.1,,,
259,SynMINOS11_00479 (fragment),,Synechococcus sp. Minos11,QNJ07959.1,,,
260,SynMITS9220_00569,,Synechococcus sp. MIT S9220,QNJ21890.1,,,
261,SynMVIR181_00648,,Synechococcus sp. MVIR-18-1,QNI75647.1,,,
262,LY254_05930,,Synechococcus sp. NB0720_010,UPH91361.1,,,
263,SynNOUM97013_00572,,Synechococcus sp. NOUM97013,QNI72654.1,,,
264,Syn6312_2696,,Synechococcus sp. PCC 6312,AFY61783.1,,,
265,Syn7502_00493,,Synechococcus sp. PCC 7502,AFY72653.1,,,
266,SynPROS71_00628,,Synechococcus sp. PROS-7-1,QNI84452.1,,,
267,SynPROS91_00584,,Synechococcus sp. PROS-9-1,QNJ30993.1,,,
268,SynPROSU1_00598,,Synechococcus sp. PROS-U-1,QNJ02225.1,,,
269,SynRCC307_0447,,Synechococcus sp. RCC307,CAK27350.1,,,
270,SynROS8604_00779,,Synechococcus sp. ROS8604,QNI87434.1,,,
271,SynRS9902_00503,,Synechococcus sp. RS9902,QNI96420.1,,,
272,SynRS9907_00482,,Synechococcus sp. RS9907,QNI81347.1,,,
273,SynRS9909_00626,,Synechococcus sp. RS9909,QNI78631.1,,,
274,SynRS9915_02277,,Synechococcus sp. RS9915,QNI51968.1,,,
275,SynSYN20_00638,,Synechococcus sp. SYN20,QNJ24988.1,,,
276,BM449_09175,,Synechococcus sp. SynAce01,APD48384.1,,,
277,SynTAK9802_00513,,Synechococcus sp. TAK9802,QNI60822.1,,,
278,SynWH7803_0536,,Synechococcus sp. WH 7803,CAK22962.1,,,
279,WB44_13920,,Synechococcus sp. WH 8020,AKN62460.1,,,
280,SynWH8101_0581,,Synechococcus sp. WH 8101,QBE68183.1,,,
281,SynRCC2555_00591,,Synechococcus sp. WH 8101,QNI44392.1,,,
282,SynWH8103_02254 (InvA),,Synechococcus sp. WH 8103,CRY92956.1,,,
283,Syncc8109_0527 (InvA),,Synechococcus sp. WH 8109,AHF62922.1,,,
284,BWK47_15410,,Synechocystis sp. CACIAM 05,QHV01379.1,,,
285,C7I86_15575,,Synechocystis sp. IPPAS B-1465,AVP90967.1,,,
286,D082_15030,,Synechocystis sp. PCC 6714,AIE74031.1,,,
287,neutral invertase (InvA; sll0626),,Synechocystis sp. PCC 6803,CAD33848.1AGF53230.1ALJ69100.1BAA18680.1BAK51724.1NP_442868.1QWO80373.1,,,
288,MT986_15570,,Synechocystis sp. PCC 6803,UOO11491.1,,,
289,SYNGTI_2975 (Lim17),,Synechocystis sp. PCC 6803 substr. GT-I,BAL30722.1,,,
290,SYNPCCN_2974 (Lim17),,Synechocystis sp. PCC 6803 substr. PCC-N,BAL33891.1,,,
291,SYNPCCP_2974 (Lim17),,Synechocystis sp. PCC 6803 substr. PCC-P,BAL37060.1,,,
292,HTZ78_07900,,Synechocystis sp. PCC 7338,QUS60602.1,,,
293,IQE94_12625,,Synechocystis sp. PCC 7339,UAJ71953.1,,,
294,OXH18_17330,,Thermocoleostomius sinensis A174,WAL58924.1,,,
295,HNI00_18395,,Thermoleptolyngbya oregonensis NK1-22,WOB44902.1,,,
296,HPC62_10065,,Thermoleptolyngbya sichuanensis A183,QKD82477.1,,,
297,TVNIR_1008 (fragment),,Thioalkalivibrio nitratireducens DSM 14787,AGA32692.1,,,
298,THITH_11585,,Thioalkalivibrio paradoxus ARh 1,AHE98782.1,,,
299,TK90_2313,,Thioalkalivibrio sp. K90mix,ADC72803.1,,,
300,Tgr7_0707,,Thioalkalivibrio sulfidiphilus HL-EbGr7,ACL71799.1,,,
301,TVD_01110,,Thioalkalivibrio versutus D301,AKJ94051.1,,,
302,LT988_05345,,Thiocapsa bogorovii BBS,UHD17477.1,,,
303,Thiosp_02140 (fragment),,Thiorhodovibrio litoralis 06511,WPL12376.1,,,
304,Thiosp_03183 (fragment),,Thiorhodovibrio litoralis 06511,WPL13382.1,,,
305,HG267_16335,,Tolypothrix sp. PCC 7601,UYD37151.1,,,
306,HG267_16330,,Tolypothrix sp. PCC 7601,UYD37150.1,,,
307,HGR01_02460,,Tolypothrix sp. PCC 7712,UYD26991.1,,,
308,HGR01_02455,,Tolypothrix sp. PCC 7712,UYD26990.1,,,
309,HCG51_19390,,Tolypothrix sp. PCC 7910,QIR38646.1,,,
310,HCG51_19385,,Tolypothrix sp. PCC 7910,QIR38645.1,,,
311,NIES37_04620,,Tolypothrix tenuis PCC 7101 NIES-37,BAY96529.1,,,
312,NIES37_04610,,Tolypothrix tenuis PCC 7101 NIES-37,BAY96528.1,,,
313,GSQ19_08255,,Trichormus variabilis 0441,QHD79771.1,,,
314,Ava_0609,,Trichormus variabilis ATCC 29413,ABA20233.1CAW96426.1CBD22033.1,,,
315,NIES23_46120,,Trichormus variabilis NIES-23,BAY71791.1,,,
316,NIES23_53210,,Trichormus variabilis NIES-23,BAY72496.1,,,
317,ASNC2150_0001,,uncultured Prochlorococcus marinus clone ASNC2150,ABE10815.1,,,
318,ASNC729_0027,,uncultured Prochlorococcus marinus clone ASNC729,ABE11023.1,,,
319,HOT0M-7C8_0001,,uncultured Prochlorococcus marinus clone HOT0M-7C8,ABE11469.1,,,
320,neutral invertase (NIK),,Actinidia chinensis,AFO84094.1,,,
321,ORF (fragment),,Aegilops speltoides,ACJ07082.1,,,
322,"alkaline/neutral invertase, partial (fragment)",,Agave amica,QKG30649.1,,,
323,neutral/alkaline invertase (Invc-1),,Amaranthus cruentus/Amaranthus hypocondriacus mixed library,AFS17279.1,,,
324,Invc_2 (fragment),,Amaranthus hypochondriacus,AFS17281.1,,,
325,neutral invertase (Ni;Ac-Ni) (fragment),,Ananas comosus,ACX33985.1,,,
326,CB5_LOCUS15730 (fragment),,Ananas comosus var. bracteatus,VUW65147.1CAB5267422.1,,,
327,CB5_LOCUS24532,,Ananas comosus var. bracteatus,VUW73947.1CAB5276222.1,,,
328,CB5_LOCUS18389,,Ananas comosus var. bracteatus,VUW67804.1CAB5270079.1,,,
329,CB5_LOCUS1057 (fragment),,Ananas comosus var. bracteatus,VUW50481.1CAB5252756.1,,,
330,CB5_LOCUS20066,,Ananas comosus var. bracteatus,CAD1836855.1,,,
331,CB5_LOCUS1514,,Ananas comosus var. bracteatus,CAD1818303.1,,,
332,CB5_LOCUS1323 (fragment),,Ananas comosus var. bracteatus,CAD1818112.1,,,
333,CB5_LOCUS23297,,Ananas comosus var. bracteatus,CAD1840086.1,,,
334,CB5_LOCUS26791,,Ananas comosus var. bracteatus,CAD1843580.1,,,
335,CB5_LOCUS12934 (fragment),,Ananas comosus var. bracteatus,CAD1829723.1,,,
336,CB5_LOCUS19939,,Ananas comosus var. bracteatus,CAD1836728.1,,,
337,AARE701A_ LOCUS	3875,,Arabidopsis arenosa,CAE5960435.1,,,
338,AARE701A_ LOCUS	1884,,Arabidopsis arenosa,CAE5958267.1,,,
339,AARE701A_ LOCUS	2834,,Arabidopsis arenosa,CAE5959298.1,,,
340,AARE701A_ LOCUS	17675,,Arabidopsis arenosa,CAE6159050.1,,,
341,AARE701A_ LOCUS	16521,,Arabidopsis arenosa,CAE6129163.1,,,
342,AARE701A_ LOCUS	15866,,Arabidopsis arenosa,CAE6114944.1,,,
343,AARE701A_ LOCUS	6449,,Arabidopsis arenosa,CAE5966276.1,,,
344,AARE701A_ LOCUS	5211,,Arabidopsis arenosa,CAE5963837.1,,,
345,AARE701A_ LOCUS	6520,,Arabidopsis arenosa,CAE5966360.1,,,
346,AARE701A_ LOCUS	6520,,Arabidopsis arenosa,CAE5966359.1,,,
347,alkaline/neutral invertase (A/N-InvC;At3g06500) (mitochondrial),3.2.1.26,Arabidopsis thaliana,AAP40464.1AAG51337.1AEE74403.1ANM65555.1BAE98459.1BAH19425.1BAH20226.1NP_187302.2,A0A1I9LSJ7B9DFA8B9DHK9Q7Y209,,
348,alkaline/neutral invertase (A/N-InvA;At1g56560) (mitochondrial),3.2.1.26,Arabidopsis thaliana,AAM53335.1AAG09107.1AAP37746.1AEE33409.1NP_176049.1,Q9FXA8,,
349,At3g05820,,Arabidopsis thaliana,AAO64115.1AAF26084.1AAO42161.1AEE74300.1AEE74300.2ANM64512.1NP_187233.2,,,
350,invertase (At5g22510) (plastidic),,Arabidopsis thaliana,BAB09123.1AAL08305.1AED93035.1ANM71174.1NP_197643.1,,,
351,At4g09510,,Arabidopsis thaliana,BAD44643.1ABI93892.1AEE82759.1AEE82760.1CAB78074.1CAW96407.1CAW96408.1CBD22014.1CBD22015.1NP_567347.1NP_974525.1,,,
352,At4g34860,,Arabidopsis thaliana,CAB80203.1AAK91433.1AAO11611.1AEE86429.1AEE86430.1ANM67946.1BAH20183.1CAB45447.1NP_195212.1,,,
353,alkaline/neutral invertase (CInv1;CwINV1;CYT-INV1;A/N-InvG;At1g35580) (cytosolic),3.2.1.26,Arabidopsis thaliana,AAN13200.1AAF79356.1AAL38723.1AEE31812.1AEE31813.1AEE31814.1CAJ76698.1NP_174791.2NP_849750.1,A0A178W322F4HZY9Q9LQF2,"6TTJ[A,B,C,D,E,F,G,H,I,J,K,L]",
354,At1g22650,,Arabidopsis thaliana,AAM65926.1AAC25521.1AEE30264.1ANM58186.1NP_564177.1,,,
355,At1g72000,,Arabidopsis thaliana,AAG52223.1AAG51132.1AEE35262.1NP_177345.1,,,
356,DS421_19g666290,,Arachis hypogaea,QHN78998.1QHN78997.1,,,
357,DS421_17g587880,,Arachis hypogaea,QHN92889.1,,,
358,DS421_16g534030,,Arachis hypogaea,QHN85057.1,,,
359,DS421_19g650710,,Arachis hypogaea,QHN77216.1,,,
360,DS421_1g24760,,Arachis hypogaea,QHO50719.1,,,
361,DS421_3g91520 (fragment),,Arachis hypogaea,QHO58543.1,,,
362,DS421_15g506260,,Arachis hypogaea,QHO12355.1QHO12356.1,,,
363,DS421_18g607260 (fragment),,Arachis hypogaea,QHN95172.1,,,
364,DS421_13g424170,,Arachis hypogaea,QHO02477.1QHO02478.1,,,
365,DS421_9g285710,,Arachis hypogaea,QHO36667.1QHO36668.1QHO36669.1,,,
366,DS421_8g238100,,Arachis hypogaea,QHO31031.1,,,
367,DS421_6g177460,,Arachis hypogaea,QHO45250.1,,,
368,DS421_5g165850,,Arachis hypogaea,QHO43812.1,,,
369,DS421_9g265660,,Arachis hypogaea,QHO34288.1,,,
370,DS421_11g347590,,Arachis hypogaea,QHO21534.1QHO21535.1,,,
371,DS421_8g226150,,Arachis hypogaea,QHO29572.1,,,
372,neutral invertase (Ninv),,Beta vulgaris,CAD19320.1CAW96438.1CBD22045.1,,,
373,unnamed protein product,,Brassica napus,CBD34227.1,,,
374,unnamed protein product,,Brassica napus,CBD34228.1,,,
375,BOLC1T05663H,,Brassica oleracea,VDD53274.1,,,
376,BOLC5T34732H,,Brassica oleracea,VDD47185.1,,,
377,BOLC8T47844H,,Brassica oleracea,VDD54615.1,,,
378,BOLC6T39663H,,Brassica oleracea,VDD64210.1,,,
379,BOLC1T00387H,,Brassica oleracea,VDD47998.1,,,
380,BOLC5T32462H,,Brassica oleracea,VDD44915.1,,,
381,BOLC5T30872H,,Brassica oleracea,VDD43325.1,,,
382,BOLC9T58276H,,Brassica oleracea,VDD32953.1,,,
383,BOLC3T20824H,,Brassica oleracea,VDD00007.1,,,
384,BOLC4T24091H,,Brassica oleracea,VDD08599.1,,,
385,BOLC3T15765H,,Brassica oleracea,VDC91289.1,,,
386,BRAA09T39694Z,,Brassica rapa,VDC62083.1,,,
387,BRAA03T12059Z,,Brassica rapa,VDC80841.1,,,
388,BRAA05T21235Z,,Brassica rapa,VDC71521.1,,,
389,BRAA05T22873Z,,Brassica rapa,VDC73159.1,,,
390,BRAA02T05662Z (fragment),,Brassica rapa,VDC86126.1,,,
391,BRAA03T15684Z,,Brassica rapa,VDC84466.1,,,
392,BRAA01T04472Z,,Brassica rapa,VDC77970.1,,,
393,BRAA01T00351Z,,Brassica rapa,VDC73849.1,,,
394,BRAA08T33618Z,,Brassica rapa,VDD04569.1,,,
395,BRAA08T32830Z,,Brassica rapa,VDD03353.1,,,
396,BRAA10T43912Z,,Brassica rapa,VDD18483.1,,,
397,BRAA07T31382Z,,Brassica rapa,VDD01905.1,,,
398,BRAPAZ1V2_A05P47630.2,,Brassica rapa,CAG7878242.1,,,
399,BRAPAZ1V2_A05P28740.2,,Brassica rapa,CAG7876353.1,,,
400,BRAPAZ1V2_A03P68400.2,,Brassica rapa,CAG7885497.1,,,
401,BRAPAZ1V2_A09P54090.2,,Brassica rapa,CAG7864942.1,,,
402,BRAPAZ1V2_A08P18480.2,,Brassica rapa,CAG7898182.1,,,
403,BRAPAZ1V2_A10P19200.2,,Brassica rapa,CAG7910674.1,,,
404,BRAPAZ1V2_A07P40510.2,,Brassica rapa,CAG7904407.1,,,
405,BRAPAZ1V2_A08P09340.2,,Brassica rapa,CAG7897268.1,,,
406,BRAPAZ1V2_A01P49610.2,,Brassica rapa,CAG7890885.1,,,
407,BRAPAZ1V2_A03P28660.2,,Brassica rapa,CAG7881523.1,,,
408,BRAPAZ1V2_A01P03730.2,,Brassica rapa,CAG7886297.1,,,
409,BRAPAZ1V2_A02P10460.2 (fragment),,Brassica rapa,CAG7892094.1,,,
410,alkaline/neutral invertase (Inv10),,Camellia sinensis,ALZ41708.1,,,
411,alkaline/neutral invertase INV12,,Camellia sinensis,ARE30656.1,,,
412,alkaline/neutral invertase INV14,,Camellia sinensis,ARE30658.1,,,
413,neutral invertase 1 (chloroplast),,Camellia sinensis,AHD25652.1,,,
414,neutral invertase 2 (chloroplast),,Camellia sinensis,AHD25653.1,,,
415,invertase 7,,Camellia sinensis,AJO70157.1,,,
416,invertase 8,,Camellia sinensis,AJO70158.1,,,
417,invertase 3,,Camellia sinensis,AJO70153.1,,,
418,alkaline/neutral invertase B,,Citrus medica var. sarcodactylis,UYL06293.1,,,
419,alkaline/neutral invertase D,,Citrus medica var. sarcodactylis,UYL06292.1,,,
420,alkaline/neutral invertase E,,Citrus medica var. sarcodactylis,UYL06290.1,,,
421,alkaline/neutral invertase 3 (fragment),,Citrus medica var. sarcodactylis,UYL06291.1,,,
422,"neutral invertase, partial (fragment)",,Citrus sinensis,APZ87871.1,,,
423,neutral/alkaline invertase,,Citrus suavissima,AIN45137.1,,,
424,neutral/alkaline invertase (Inv3),,Coffea arabica,ABI17895.1,,,
425,neutral invertase,3.2.1.26,Daucus carota,CAA76145.1CAW96439.1CBD22046.1,Q9ZR47,,
426,DCAR_0519535 (fragment),,Daucus carota subsp. sativus None,WOH00177.1,,,
427,DCAR_0623136,,Daucus carota subsp. sativus None,WOH03736.1,,,
428,DCAR_0623071,,Daucus carota subsp. sativus None,WOH03672.1,,,
429,DCAR_0206937,,Daucus carota subsp. sativus None,WOG87706.1,,,
430,DCAR_0310714,,Daucus carota subsp. sativus None,WOG91465.1,,,
431,DCAR_0933775,,Daucus carota subsp. sativus None,WOH14258.1,,,
432,DCAR_0313034,,Daucus carota subsp. sativus None,WOG93747.1,,,
433,DCAR_0101103,,Daucus carota subsp. sativus None,WOG81945.1,,,
434,DCAR_0205927,,Daucus carota subsp. sativus None,WOG86709.1,,,
435,DCAR_0102629,,Daucus carota subsp. sativus None,WOG83454.1,,,
436,DCAR_0103924,,Daucus carota subsp. sativus None,WOG84740.1,,,
437,alkaline/neutral invertase (Nin3),,Dendrobium catenatum,AVA07411.1,,,
438,alkaline/neutral invertase (Nin1),,Dendrobium catenatum,AVA07409.1,,,
439,alkaline/neutral invertase (Nin5),,Dendrobium catenatum,AVA07413.1,,,
440,alkaline/neutral invertase (Nin2),,Dendrobium catenatum,AVA07410.1,,,
441,alkaline/neutral invertase (Nin4),,Dendrobium catenatum,AVA07412.1,,,
442,neutral/alkaline invertase,,Dendrobium officinale,ALU57707.1ANW08803.1,,,
443,alkaline/neutral invertase (Ni-3),,Dimocarpus longan,AJW82915.1,,,
444,alkaline/neutral invertase (Ni-1),,Dimocarpus longan,AJW82913.1,,,
445,alkaline/neutral invertase (Ni-2),,Dimocarpus longan,AJW82914.1,,,
446,M5689_001380,,Euphorbia peplus,WCJ19072.1,,,
447,M5689_022614,,Euphorbia peplus,WCJ41770.1,,,
448,M5689_024952,,Euphorbia peplus,WCJ44276.1,,,
449,M5689_008673,,Euphorbia peplus,WCJ26889.1,,,
450,M5689_005279,,Euphorbia peplus,WCJ23242.1,,,
451,M5689_008175,,Euphorbia peplus,WCJ26352.1,,,
452,M5689_016369,,Euphorbia peplus,WCJ35101.1,,,
453,M5689_008673,,Euphorbia peplus,WCJ26890.1,,,
454,M5689_008673,,Euphorbia peplus,WCJ26891.1,,,
455,M5689_003431 (fragment),,Euphorbia peplus,WCJ21265.1,,,
456,M5689_008175,,Euphorbia peplus,WCJ26353.1,,,
457,cytoplasmic invertase 1 (Egcin1) (fragment),,Eustoma grandiflorum,BCM94852.1,,,
458,unnamed protein product,,Eutrema halophilum,BAJ33980.1,,,
459,FPE_LOCUS11221,,Fraxinus pennsylvanica,CAI9763791.1,,,
460,FPE_LOCUS11567,,Fraxinus pennsylvanica,CAI9764137.1,,,
461,FPE_LOCUS7238 (fragment),,Fraxinus pennsylvanica,CAI9759808.1,,,
462,FPE_LOCUS33822,,Fraxinus pennsylvanica,CAI9786392.1,,,
463,FPE_LOCUS34108,,Fraxinus pennsylvanica,CAI9786678.1,,,
464,FPE_LOCUS7237 (fragment),,Fraxinus pennsylvanica,CAI9759807.1,,,
465,FPE_LOCUS25320,,Fraxinus pennsylvanica,CAI9777890.1,,,
466,FPE_LOCUS16965,,Fraxinus pennsylvanica,CAI9769325.1,,,
467,FPE_LOCUS28872,,Fraxinus pennsylvanica,CAI9781442.1,,,
468,FPE_LOCUS29402,,Fraxinus pennsylvanica,CAI9781972.1,,,
469,unnamed protein product,,Glycine max,CAW96409.1CBD22016.1,,,
470,unnamed protein product,,Glycine max,CBD34231.1,,,
471,neutral invertase,,Gunnera manicata,ADP88917.1,,,
472,invertase,,Helianthus tuberosus,QHZ07987.1,,,
473,invertase,,Helianthus tuberosus,QHZ07986.1,,,
474,invertase,,Helianthus tuberosus,QHZ07982.1,,,
475,invertase,,Helianthus tuberosus,QHZ07981.1,,,
476,cytoplasmic invertase 3,,Hemerocallis fulva,QUJ17879.1,,,
477,neutral/alkaline invertase 2 (Nin2),,Hevea brasiliensis,ADC68260.1,,,
478,neutral/alkaline invertase 1 (Nin1),,Hevea brasiliensis,ADC68261.1,,,
479,invertase (In2),,Hevea brasiliensis,AHF27220.1,,,
480,neutral/alkaline invertase 3 (Nin3),,Hevea brasiliensis,AGU19630.1AID51354.1,,,
481,invertase (In1),,Hevea brasiliensis,AHF27219.1,,,
482,predicted protein,,Hordeum vulgare subsp. vulgare,BAJ89365.1,,,
483,predicted protein,,Hordeum vulgare subsp. vulgare,BAK00808.1,,,
484,predicted protein,,Hordeum vulgare subsp. vulgare,BAJ89009.1,,,
485,predicted protein (fragment),,Hordeum vulgare subsp. vulgare,BAJ97009.1,,,
486,AlkIN1 (fragment),,Hymenaea courbaril var. stilbocarpa,ABY82046.1,,,
487,Ibninv1 / SRF8 (fragment),,Ipomoea batatas,BAD18099.1BAM74665.1,,,
488,neutral invertase (Ibninv2) (fragment),,Ipomoea batatas,BAM74666.1,,,
489,neutral invertase (Ibninv3) (fragment),,Ipomoea batatas,BAM74667.1,,,
490,ORF,,Ipomoea trifida,AAS79609.1BAF37799.1CAW96435.1CBD22042.1,,,
491,LSAL_LOCUS15689,,Lactuca saligna,CAB4087573.1,,,
492,LSAL_LOCUS10892,,Lactuca saligna,CAB4082495.1,,,
493,LSAL_LOCUS7278,,Lactuca saligna,CAB4078653.1,,,
494,LSAL_LOCUS29138,,Lactuca saligna,CAB4101826.1,,,
495,LSAL_LOCUS35096,,Lactuca saligna,CAB4108118.1,,,
496,LSAL_LOCUS1825,,Lactuca saligna,CAB4072921.1,,,
497,LSAL_LOCUS38061,,Lactuca saligna,CAB4111256.1,,,
498,LSAL_LOCUS3631,,Lactuca saligna,CAB4074822.1,,,
499,LSAL_LOCUS5756,,Lactuca saligna,CAB4077041.1,,,
500,LSALG_LOCUS7278,,Lactuca saligna,CAI9266747.1,,,
501,ORF (fragment),,Lilium longiflorum,BAA04847.1,,,
502,neutral invertase (NI),,Litchi chinensis,AFP23358.1,,,
503,unnamed protein product,,Lolium arundinaceum,CAW96415.1CBD22022.1,,,
504,unnamed protein product,,Lolium perenne,CAW96416.1CBD22023.1,,,
505,unnamed protein product,,Lolium perenne,CAW96417.1CBD22024.1,,,
506,unnamed protein product,,Lolium perenne,CAW96418.1CBD22025.1,,,
507,unnamed protein product,,Lolium perenne,CAW96419.1CBD22026.1,,,
508,unnamed protein product,,Lolium perenne,CAW96420.1CBD22027.1,,,
509,neutral/alkaline invertase (InV),,Lolium perenne,CAM32308.1CAW96414.1CBD22021.1,,,
510,alkaline/neutral invertase (Alinv),3.2.1.26,Lolium temulentum,CAA05869.1CAW96427.1CBD22034.1,O49890,,
511,invertase (Inv1;LjInv1),,Lotus japonicus,CAG30577.1CAW96434.1CBD22041.1,,,
512,alkaline/neutral invertase (fragment),,Lycium barbarum,AMK49332.1,,,
513,neutral invertase (fragment),,Lycium barbarum,QNM38197.1,,,
514,neutral invertase (NI),,Malus domestica,AFU56879.1,,,
515,neutral invertase (fragment),,Mangifera indica,AEQ30068.1,,,
516,alkaline/neutral invertase (NI),,Mangifera indica,QOP57504.1,,,
517,neutral/alkaline invertase (Mninv1),,Manihot esculenta,AEP31948.1,,,
518,neutral/alkaline invertase (Ninv7;MNINV7),,Manihot esculenta,AFA46813.1,,,
519,neutral/alkaline invertase (Mninv4),,Manihot esculenta,AFH77958.1,,,
520,neutral/alkaline invertase (Mninv2),,Manihot esculenta,AFH77952.1,,,
521,neutral/alkaline invertase (Mninv3),,Manihot esculenta,AFH77953.1,,,
522,neutral/alkaline invertase (Mninv8),,Manihot esculenta,AFH77954.1,,,
523,neutral/alkaline invertase (nINV1),,Manihot esculenta,ABA08442.1CAW96430.1CBD22037.1,,,
524,Ninv6,,Manihot esculenta,AHA82517.1,,,
525,Ninv10,,Manihot esculenta,AHA82519.1,,,
526,Ninv5,,Manihot esculenta,AHA82516.1,,,
527,Ninv9 (fragment),,Manihot esculenta,AHA82518.1,,,
528,Mp_2g25990,,Marchantia polymorpha subsp. ruderalis Tak-1,BBN03743.1,,,
529,Mp_4g15270,,Marchantia polymorpha subsp. ruderalis Tak-1,BBN08887.1,,,
530,Mp_7g01660,,Marchantia polymorpha subsp. ruderalis Tak-1,BBN15875.1,,,
531,Mp_3g02080,,Marchantia polymorpha subsp. ruderalis Tak-1,BBN04116.1,,,
532,MTYFL_FM_FN_FO1G-E-15 (fragment),,Medicago truncatula,ACJ83736.1,,,
533,MTYFL_FM_FN_FO1G-E-15 (fragment),,Medicago truncatula,ACJ85837.1,,,
534,invertase,,Medicago truncatula,QMS54621.1,,,
535,invertase,,Medicago truncatula,QMS54622.1,,,
536,MtrDRAFT_AC152818g1v1 or MtrDRAFT_AC144484g1v2,,Medicago truncatula,ABE77865.1ABE91216.1CAW96428.1CBD22035.1,,,
537,MtrDRAFT_AC141113g5v1,,Medicago truncatula,ABE94613.1ABO83865.1CAW96429.1CBD22036.1,,,
538,neutral invertase 1 (Inv-n1),,Musa acuminata AAA Group,AEY78488.1,,,
539,neutral invertase 2 (Inv-n2),,Musa acuminata AAA Group,AEY78489.1,,,
540,GSMUA_59000.1,,Musa acuminata subsp. malaccensis Doubled-haploid Pahang (DH-Pahang),CAG1861006.1,,,
541,GSMUA_29810.1,,Musa acuminata subsp. malaccensis Doubled-haploid Pahang (DH-Pahang),CAG1857657.1,,,
542,GSMUA_226660.1,,Musa acuminata subsp. malaccensis Doubled-haploid Pahang (DH-Pahang),CAG1834561.1,,,
543,GSMUA_173440.1,,Musa acuminata subsp. malaccensis Doubled-haploid Pahang (DH-Pahang),CAG1847549.1,,,
544,GSMUA_83710.1,,Musa acuminata subsp. malaccensis Doubled-haploid Pahang (DH-Pahang),CAG1832451.1,,,
545,GSMUA_339790.1,,Musa acuminata subsp. malaccensis Doubled-haploid Pahang (DH-Pahang),CAG1830725.1,,,
546,GSMUA_280350.1,,Musa acuminata subsp. malaccensis Doubled-haploid Pahang (DH-Pahang),CAG1840174.1,,,
547,GSMUA_164670.1,,Musa acuminata subsp. malaccensis Doubled-haploid Pahang (DH-Pahang),CAG1846672.1,,,
548,GSMUA_270620.1,,Musa acuminata subsp. malaccensis Doubled-haploid Pahang (DH-Pahang),CAG1838885.1,,,
549,GSMUA_09890.1 (fragment),,Musa acuminata subsp. malaccensis Doubled-haploid Pahang (DH-Pahang),CAG1864639.1,,,
550,GSMUA_198440.1,,Musa acuminata subsp. malaccensis Doubled-haploid Pahang (DH-Pahang),CAG1850722.1,,,
551,GSMUA_198610.1,,Musa acuminata subsp. malaccensis Doubled-haploid Pahang (DH-Pahang),CAG1850705.1,,,
552,neutral invertase (Inv1) (fragment),,Nicotiana langsdorffii x Nicotiana sanderae,AAZ80874.1,,,
553,ORF (fragment),,Nicotiana tabacum,BAD83540.1,,,
554,neutral invertase (NtINV3) (fragment),,Nicotiana tabacum,BAC21162.1,,,
555,invertase (NtINV2) (fragment),,Nicotiana tabacum,BAC21161.1,,,
556,"β-fructofuranosidase, transcript variant 2",,Nicotiana tabacum,AII99811.1,,,
557,OLC1_LOCUS14237,,Oldenlandia corymbosa var. corymbosa,CAI9105569.1,,,
558,OLC1_LOCUS14237 (fragment),,Oldenlandia corymbosa var. corymbosa,CAI9105570.1,,,
559,OLC1_LOCUS21469,,Oldenlandia corymbosa var. corymbosa,CAI9114831.1,,,
560,OLC1_LOCUS21469 (fragment),,Oldenlandia corymbosa var. corymbosa,CAI9114834.1,,,
561,OLC1_LOCUS23090,,Oldenlandia corymbosa var. corymbosa,CAI9116931.1,,,
562,OLC1_LOCUS21469,,Oldenlandia corymbosa var. corymbosa,CAI9114833.1,,,
563,OLC1_LOCUS21469 (fragment),,Oldenlandia corymbosa var. corymbosa,CAI9114832.1,,,
564,OLC1_LOCUS12717 (fragment),,Oldenlandia corymbosa var. corymbosa,CAI9103587.1,,,
565,OLC1_LOCUS24681 (fragment),,Oldenlandia corymbosa var. corymbosa,CAI9118912.1,,,
566,OLC1_LOCUS13578 (fragment),,Oldenlandia corymbosa var. corymbosa,CAI9104700.1,,,
567,OLC1_LOCUS3270,,Oldenlandia corymbosa var. corymbosa,CAI9091314.1,,,
568,OLC1_LOCUS3270 (fragment),,Oldenlandia corymbosa var. corymbosa,CAI9091315.1,,,
569,OLC1_LOCUS12717 (fragment),,Oldenlandia corymbosa var. corymbosa,CAI9103586.1,,,
570,OLC1_LOCUS13578,,Oldenlandia corymbosa var. corymbosa,CAI9104699.1,,,
571,OLC1_LOCUS12717,,Oldenlandia corymbosa var. corymbosa,CAI9103585.1,,,
572,OLC1_LOCUS24681,,Oldenlandia corymbosa var. corymbosa,CAI9118911.1,,,
573,unnamed protein product,,Oryza sativa,CAW96431.1CBD22038.1,,,
574,unnamed protein product,,Oryza sativa,CAW96432.1CBD22039.1,,,
575,unnamed protein product,,Oryza sativa,CAW96433.1CBD22040.1,,,
576,unnamed protein product,,Oryza sativa,CAW96436.1CBD22043.1,,,
577,Inv,,Oryza sativa Indica Group,AAO25633.1,,,
578,neutral/alkaline invertase 1 (fragment),,Oryza sativa Indica Group,AAV28809.1,,,
579,neutral/alkaline invertase 5 (fragment),,Oryza sativa Indica Group,AAV28813.1,,,
580,neutral/alkaline invertase 2 (fragment),,Oryza sativa Indica Group,AAV28810.1,,,
581,neutral/alkaline invertase 8 (fragment),,Oryza sativa Indica Group,AAV28816.1,,,
582,neutral/alkaline invertase 3 (fragment),,Oryza sativa Indica Group,AAV28811.1,,,
583,neutral/alkaline invertase 4 (fragment),,Oryza sativa Indica Group,AAV28812.1,,,
584,neutral/alkaline invertase 6 (fragment),,Oryza sativa Indica Group,AAV28814.1,,,
585,H0321H01.13,,Oryza sativa Indica Group,CAH66504.1,,,
586,OSNPB_020125600 (Os02g0125600) (fragment),,Oryza sativa Japonica Group,BAS76762.1,,,
587,Os01g0332100,,Oryza sativa Japonica Group,BAD53496.1BAD53497.1BAD54740.1BAD54741.1BAF04845.1BAH00142.1BAS71918.1BAS71920.1CAW96421.1CBD22028.1NP_908764.1,,,
588,Os02g0529400,,Oryza sativa Japonica Group,BAD25614.1BAD25431.1BAD25432.1BAD25615.1BAF08926.1BAH00419.1BAS79017.1BAS79018.1CAW96423.1CBD22030.1XP_466072.1XP_466073.1,,,
589,Os04g0409900,,Oryza sativa Japonica Group,CAE04897.2BAF14640.1BAS89103.1CAE04902.1,,,
590,Os02g0550600,,Oryza sativa Japonica Group,BAD33266.1BAF09009.1BAG95698.1BAS79160.1CAW96424.1CBD22031.1XP_466154.1,,,
591,Os11g0175400,,Oryza sativa Japonica Group,AAX95795.1BAF27723.1BAT12906.1,,,
592,Os04g0432400,,Oryza sativa Japonica Group,CAE03041.3BAF14744.1BAG89564.1BAS89275.1BAS89276.1CAE03040.2CAW96425.1CBD22032.1XP_472554.1,,,
593,P0482F12.5,,Oryza sativa Japonica Group,BAD08010.1CAW96422.1CBD22029.1XP_463958.1,,,
594,Os03g0314800,,Oryza sativa Japonica Group,CAW96410.1BAF11850.1BAS83897.1CBD22017.1,,,
595,cytoplasmic invertase (CiN),,Paeonia lactiflora,QBA82073.1,,,
596,cytoplasmic invertase (Cin2),,Paeonia lactiflora,QBA82072.1,,,
597,cytoplasmic invertase (Cin1),,Paeonia lactiflora,QBA82071.1,,,
598,invertase (CiN),,Paeonia suffruticosa,QNU13185.1,,,
599,alkaline/neutral invertase 2 (Cin2),,Paeonia suffruticosa,UHU35847.1,,,
600,alkaline/neutral invertase 3 (Cin3),,Paeonia suffruticosa,UHU35848.1,,,
601,"neutral invertase, partial (fragment)",,Passiflora edulis,AWW14810.1,,,
602,neutral/alkaline invertase 1 (Sni1),,Phelipanche ramosa,ADF27782.1,,,
603,neutral/alkaline invertase 2 (Sni2),,Phelipanche ramosa,ADF27783.1,,,
604,NIN1 (fragment),,Populus angustifolia,AGX27491.1AGX27472.1AGX27473.1AGX27474.1AGX27475.1AGX27476.1AGX27477.1AGX27478.1AGX27479.1AGX27480.1AGX27481.1AGX27482.1AGX27483.1AGX27484.1AGX27485.1AGX27486.1AGX27487.1AGX27488.1AGX27489.1AGX27490.1,,,
605,PopNinv1 (fragment),,Populus sp. UG-2006,ABF50704.1,,,
606,PopNinv2 (fragment),,Populus sp. UG-2006,ABF50705.1,,,
607,PopNinv3 (fragment),,Populus sp. UG-2006,ABF50706.1,,,
608,PopNinv4 (fragment),,Populus sp. UG-2006,ABF50707.1,,,
609,PopNinv5 (fragment),,Populus sp. UG-2006,ABF50708.1,,,
610,PopNinv6 (fragment),,Populus sp. UG-2006,ABF50709.1,,,
611,β-fructofuranosidase family protein,,Populus tomentosa,APR64421.1,,,
612,Potri.009G129000 (SaC),,Populus tomentosa,AXY97773.1,,,
613,Prudu_015403 (fragment),,Prunus dulcis,BBH04305.1,,,
614,Prudu_015628 (fragment),,Prunus dulcis,BBH04478.1,,,
615,Prudu_017982 (fragment),,Prunus dulcis,BBH06347.1,,,
616,Prudu_020797 (fragment),,Prunus dulcis,BBH08572.1,,,
617,Prudu_018125,,Prunus dulcis,BBH06462.1,,,
618,Prudu_022372,,Prunus dulcis,BBH09780.1,,,
619,Prudu_004730,,Prunus dulcis,BBG96042.1,,,
620,Prudu_000699 (fragment),,Prunus dulcis,BBG92846.1,,,
621,Prudu_005866,,Prunus dulcis,BBG96909.1,,,
622,Prudu_000929,,Prunus dulcis,BBG93033.1,,,
623,Prudu_003197,,Prunus dulcis,BBG94820.1,,,
624,Prudu_011900,,Prunus dulcis,BBH01594.1,,,
625,Prudu_012360 (fragment),,Prunus dulcis,BBH01944.1,,,
626,cytosolic invertase 1 (Cinv1),,Prunus persica,AFI57905.1,,,
627,alkaline/neutral invertase C,,Prunus persica,AFI57906.1,,,
628,neutral invertase (Ni1) (fragment),,Prunus persica,CAL64380.1,,,
629,ORF,,Saccharum hybrid cultivar FN-41,AGG41118.1,,,
630,ORF,,Saccharum hybrid cultivar FN-41,AGG41113.1,,,
631,ORF,,Saccharum hybrid cultivar FN-41,AGG41114.1,,,
632,ORF,,Saccharum hybrid cultivar FN-41,AGG41115.1,,,
633,ORF (fragment),,Saccharum hybrid cultivar FN-41,AGG41116.1,,,
634,ORF,,Saccharum hybrid cultivar FN-41,AGG41119.1,,,
635,ORF,,Saccharum hybrid cultivar FN-41,AGG41120.1,,,
636,ORF,,Saccharum hybrid cultivar FN-41,AGG41121.1,,,
637,ORF,,Saccharum hybrid cultivar FN-41,AGG41122.1,,,
638,alkaline/neutral invertase protein,,Saccharum hybrid cultivar GT28,AHK06420.1,,,
639,alkaline/neutral invertase (Nin1),,Saccharum hybrid cultivar GT28,AFV94466.1,,,
640,89558,,Selaginella moellendorffii (Selmo1),,,,
641,111393,,Selaginella moellendorffii (Selmo1),,,,
642,443960,,Selaginella moellendorffii (Selmo1),,,,
643,267827,,Selaginella moellendorffii (Selmo1),,,,
644,151264,,Selaginella moellendorffii (Selmo1),,,,
645,ORF (fragment),,Solanum aethiopicum,WMB97102.1,,,
646,FruC,,Solanum lycopersicum,ABQ28669.1,,,
647,ORF (fragment),,Solanum melongena,WMB96912.1,,,
648,ORF (fragment),,Solanum melongena,WMB96661.1,,,
649,ORF (fragment),,Solanum tuberosum,AFW90589.1,,,
650,MTR67_047680,,Solanum verrucosum,WMV54295.1,,,
651,MTR67_049274,,Solanum verrucosum,WMV55889.1,,,
652,MTR67_046988,,Solanum verrucosum,WMV53603.1,,,
653,MTR67_021121,,Solanum verrucosum,WMV27736.1,,,
654,MTR67_017890 (fragment),,Solanum verrucosum,WMV24505.1,,,
655,MTR67_012369 (fragment),,Solanum verrucosum,WMV18984.1,,,
656,MTR67_028173,,Solanum verrucosum,WMV34788.1,,,
657,MTR67_006598,,Solanum verrucosum,WMV13213.1,,,
658,MTR67_002900,,Solanum verrucosum,WMV09515.1,,,
659,MTR67_005543,,Solanum verrucosum,WMV12158.1,,,
660,unnamed protein product,,Sorghum bicolor,CAW96411.1CBD22018.1,,,
661,AYBTSS11_LOCUS28950,,Sphenostylis stenocarpa,CAJ1976807.1,,,
662,AYBTSS11_LOCUS30034 (fragment),,Sphenostylis stenocarpa,CAJ1977864.1,,,
663,AYBTSS11_LOCUS9893,,Sphenostylis stenocarpa,CAJ1940763.1,,,
664,AYBTSS11_LOCUS2396,,Sphenostylis stenocarpa,CAJ1869756.1,,,
665,AYBTSS11_LOCUS25057,,Sphenostylis stenocarpa,CAJ1973000.1,,,
666,AYBTSS11_LOCUS8294,,Sphenostylis stenocarpa,CAJ1937947.1,,,
667,SI7747_01001038 (fragment),,Spirodela intermedia,CAA2614659.1,,,
668,SI7747_05007023,,Spirodela intermedia,CAA2620854.1,,,
669,SI7747_05007129,,Spirodela intermedia,CAA2620960.1,,,
670,SI7747_11014802,,Spirodela intermedia,CAA2629164.1,,,
671,SI7747_11014082,,Spirodela intermedia,CAA2628440.1,,,
672,SI7747_01000473,,Spirodela intermedia,CAA2614071.1,,,
673,SI8410_11015932,,Spirodela intermedia,CAA7405254.1,,,
674,SI8410_05007744,,Spirodela intermedia,CAA7397081.1,,,
675,SI8410_05007627,,Spirodela intermedia,CAA7396964.1,,,
676,SI8410_01001153,,Spirodela intermedia,CAA7389046.1,,,
677,SI8410_01000555,,Spirodela intermedia,CAA7388287.1,,,
678,SI8410_11015178,,Spirodela intermedia,CAA7404500.1,,,
679,neutral/alkaline invertase (CiN),,Symplocarpus renifolius,BCQ84888.1,,,
680,neutral/alkaline invertase (NinV),,Taxus chinensis,AIQ85025.1,,,
681,TAV2_ LOCUS	1709,,Thlaspi arvense,CAH2035453.1,,,
682,TAV2_ LOCUS	3660,,Thlaspi arvense,CAH2033638.1,,,
683,TAV2_ LOCUS	23028,,Thlaspi arvense,CAH2076763.1,,,
684,TAV2_ LOCUS	16750,,Thlaspi arvense,CAH2066843.1,,,
685,TAV2_ LOCUS	19690,,Thlaspi arvense,CAH2072162.1,,,
686,TAV2_ LOCUS	19877,,Thlaspi arvense,CAH2070693.1,,,
687,TAV2_ LOCUS	5931,,Thlaspi arvense,CAH2046765.1,,,
688,TAV2_ LOCUS	9999 (fragment),,Thlaspi arvense,CAH2054925.1,,,
689,TAV2_ LOCUS	9493,,Thlaspi arvense,CAH2054806.1,,,
690,alkaline invertase (AinV),,Triticum aestivum,CAL26914.1,,,
691,ORF (fragment),,Triticum monococcum,ACJ07081.1,,,
692,ORF (fragment),,Triticum urartu,ACJ07083.1,,,
693,"Invertase, partial (fragment)",,Vaccinium corymbosum,QYZ90188.1,,,
694,VFH_VI063160,,Vicia faba,CAI8617174.1,,,
695,VFH_VI152440,,Vicia faba,CAI8619053.1,,,
696,VFH_V174800,,Vicia faba,CAI8615354.1,,,
697,VFH_III122800,,Vicia faba,CAI8604231.1,,,
698,VFH_III091800,,Vicia faba,CAI8603571.1,,,
699,VFH_IV235520,,Vicia faba,CAI8611562.1,,,
700,VIGAN_08180900 (Vigan.08g180900),,Vigna angularis var. angularis,BAT95141.1,,,
701,VIGAN_08103800 (Vigan.08g103800) (fragment),,Vigna angularis var. angularis,BAT94433.1,,,
702,VIGAN_04375300 (Vigan.04g375300),,Vigna angularis var. angularis,BAT86130.1,,,
703,VIGAN_01509700 (Vigan.01g509700),,Vigna angularis var. angularis,BAT77018.1,,,
704,VIGAN_02014600 (Vigan.02g014600),,Vigna angularis var. angularis,BAT77561.1,,,
705,VIGAN_01078900 (Vigan.01g078900),,Vigna angularis var. angularis,BAT73316.1,,,
706,DEO72_LG2g423,,Vigna unguiculata,QCD80104.1,,,
707,DEO72_LG2g5130,,Vigna unguiculata,QCD84772.1,,,
708,DEO72_LG6g3128,,Vigna unguiculata,QCD98407.1,,,
709,DEO72_LG9g2264,,Vigna unguiculata,QCE07247.1,,,
710,DEO72_LG9g3002,,Vigna unguiculata,QCE07979.1,,,
711,VaNinv1 (fragment),,Viscum album subsp. album,ABF50710.1,,,
712,VaNinv2 (fragment),,Viscum album subsp. album,ABF50711.1,,,
713,VitviT2T_027376 (fragment),,Vitis vinifera,WKA09756.1,,,
714,VitviT2T_023714,,Vitis vinifera,WKA05769.1,,,
715,VitviT2T_027881,,Vitis vinifera,WKA10305.1,,,
716,VitviT2T_008725 (fragment),,Vitis vinifera,WJZ89508.1,,,
717,VitviT2T_008724,,Vitis vinifera,WJZ89507.1,,,
718,VitviT2T_006160,,Vitis vinifera,WJZ86727.1,,,
719,VitviT2T_009040,,Vitis vinifera,WJZ89852.1,,,
720,VitviT2T_028541,,Vitis vinifera,WKA11004.1,,,
721,VitviT2T_019620,,Vitis vinifera,WKA01335.1,,,
722,VitviT2T_020812,,Vitis vinifera,WKA02651.1,,,
723,VITISV_029106,,Vitis vinifera,CAN63178.1ABS52644.1,,,
724,VITISV_042185 (fragment),,Vitis vinifera,CAN76975.1,,,
725,VITISV_015204 (fragment),,Vitis vinifera,CAN82082.1,,,
726,ni1,,Vitis vinifera,CAP59641.1CAP59642.1,,,
727,ni2,,Vitis vinifera,CAP59643.1CAP59644.1,,,
728,ni3,,Vitis vinifera,CAP59645.1CAP59646.1,,,
729,unknown,,Zea mays,ACG29128.1,,,
730,unknown (fragment),,Zea mays,ACG44831.1,,,
731,unknown (fragment),,Zea mays,ACG45616.1,,,
732,unnamed protein product,,Zea mays,CAW96413.1CBD22020.1,,,
733,unnamed protein product,,Zea mays,CAW96442.1CBD22049.1,,,
734,unknown,,Zea mays B73,ACL54498.1,,,
735,unknown,,Zea mays B73,ACN34188.1,,,
736,unknown (ZM_BFc0117K04),,Zea mays B73,ACF78727.1ACN28251.1ACN28757.1,,,
737,unknown (ZM_BFb0338C03) (fragment),,Zea mays B73,ACF83893.1,,,
738,unknown (ZM_BFc0049K13),,Zea mays B73,ACF84899.1ACG27641.1CAW96412.1CAW96441.1CBD22019.1,,,
739,unknown (ZM_BFc0100D21),,Zea mays B73,ACF88123.1,,,
